,Invention Title,Publication Number,Publication Date,Publication Type,Application Number,Application Filing Date,Priority Number,Priority Country,Priority Date,Field Of Invention,Classification (IPC),"Name Address Country Nationality
Dr. Ashu Gautam Professor, ECE, Manav Rachna International Institute of Research and Studies (MRIIRS), Faridabad - 122103, Haryana, India. India India
Dr. Nikhil Kumar Marriwala Assistant Professor, Electronics and Communication Engineering Department, University Institute of Engineering and Technology, Kurukshetra University, Kurukshetra - 135001, Haryana, India. India India
Dr. P. Padmaloshani Associate Professor, Department of ECE, Muthayammal Engineering College, Rasipuram - 637408, Tamil Nadu, India India India
Saurabh Suman Assistant Professor (CSE), Government Engineering College Munger, Bihar - 811202, India. India India
Neelam Bohra Research Scholar, Computer Science Department, M.B.M University, Jodhpur, Rajasthan - 342008, India. India India
Dr. Vajenti Mala Galgotias University, New Delhi - 110067, India. India India
Deepa Jose Professor, Navins Springfield, Chennai – 600100, Tamil Nadu, India. India India
Dr. Reena Chandel RayatBahra University, Tehsil Kharar, Mohali Punjab – 140301, India. India India
Sinthuja PM Assistant Professor, St Joseph's College of engineering, Department of Information Technology, Chennai - 600106 Tamil Nadu, India. India India","Professor, ECE, Manav Rachna International Institute of Research and Studies (MRIIRS), Faridabad - 122103, Haryana, India.",India,"Assistant Professor, Electronics and Communication Engineering Department, University Institute of Engineering and Technology, Kurukshetra University, Kurukshetra - 135001, Haryana, India.","Associate Professor, Department of ECE, Muthayammal Engineering College, Rasipuram - 637408, Tamil Nadu, India","Assistant Professor (CSE), Government Engineering College Munger, Bihar - 811202, India.","Research Scholar, Computer Science Department, M.B.M University, Jodhpur, Rajasthan - 342008, India.","Galgotias University, New Delhi - 110067, India.","Professor, Navins Springfield, Chennai – 600100, Tamil Nadu, India.","RayatBahra University, Tehsil Kharar, Mohali Punjab – 140301, India.","Assistant Professor, St Joseph's College of engineering, Department of Information Technology, Chennai - 600106 Tamil Nadu, India.",Dr. Ashu Gautam,Dr. Nikhil Kumar Marriwala,Dr. P. Padmaloshani,Saurabh Suman,Neelam Bohra,Dr. Vajenti Mala,Deepa Jose,Dr. Reena Chandel,Sinthuja PM,APPLICATION NUMBER,APPLICATION TYPE,DATE OF FILING,APPLICANT NAME,TITLE OF INVENTION,FIELD OF INVENTION,E-MAIL (As Per Record),ADDITIONAL-EMAIL (As Per Record),E-MAIL (UPDATED Online),PRIORITY DATE,REQUEST FOR EXAMINATION DATE,PUBLICATION DATE (U/S 11A),APPLICATION STATUS,,"Name Address Country Nationality
Gagan H.No.-216, Vill.-Mandpura, P.O.-Sherpur, Teh.-Pataudi, Dist.-Gurgaon, HR-122502. India India
Akansha Aggarwal B-63 A, Mansarovar Park, Shahdara, Delhi-110032. India India","H.No.-216, Vill.-Mandpura, P.O.-Sherpur, Teh.-Pataudi, Dist.-Gurgaon, HR-122502.","B-63 A, Mansarovar Park, Shahdara, Delhi-110032.",Gagan,Akansha Aggarwal,"Name Address Country Nationality
DEEPAK GUPTA 35 DARU BHONDELA BADA BAZAR GUDRI JHANSI India India
DHRUV GUPTA 35, DARU BHONDELA BADA BAZAR,JHANSI, U.P, INDIA-284002 India India
ABHISHEK GUPTA 311 1A NEW 1244, JHOKAN BAGH CIVIL LINES, JHANSI (U.P) - 284001 India India",35 DARU BHONDELA BADA BAZAR GUDRI JHANSI,"35, DARU BHONDELA BADA BAZAR,JHANSI, U.P, INDIA-284002","311 1A NEW 1244, JHOKAN BAGH CIVIL LINES, JHANSI (U.P) - 284001",DEEPAK GUPTA,DHRUV GUPTA,ABHISHEK GUPTA,"Name Address Country Nationality
DEEPAK GUPTA 35 DARU BHONDELA BADA BAZAR GUDRI JHANSI India India","Name Address Country Nationality
Dr. Swati Kamal Tripathi JB Institute of Technology, Dehradun,248197 India India
Mr. Lakhan Singh JB Institute of Technology, Dehradun,248197 India India","JB Institute of Technology, Dehradun,248197",Dr. Swati Kamal Tripathi,Mr. Lakhan Singh,"Name Address Country Nationality
JB Institute of Technology JB Institute of Technology, Dehradun, 23 Milestone, NH-07, Chakrata Rd, Shankarpur, Uttarakhand 248197, India. India India","JB Institute of Technology, Dehradun, 23 Milestone, NH-07, Chakrata Rd, Shankarpur, Uttarakhand 248197, India.",JB Institute of Technology,"Name Address Country Nationality
Dr. Pradeep Kothiyal JB Institute of Technology 23 mile stone, NH-7 shankerpur Chakrata road, Dehradun, Uttarakhand-248001 India India
Dr. Bharat VPS Rawat JB Institute of Technology 23 mile stone, NH-7 shankerpur Chakrata road, Dehradun, Uttarakhand-248001 India India","JB Institute of Technology 23 mile stone, NH-7 shankerpur Chakrata road, Dehradun, Uttarakhand-248001",Dr. Pradeep Kothiyal,Dr. Bharat VPS Rawat,"Name Address Country Nationality
Mr. Sumit Kumar JB Institute of Technology 23 mile stone, NH-7 shankerpur Chakrata road, Dehradun, Uttarakhand-248001 India India
Mr. Ujjwal Kumar JB Institute of Technology 23 mile stone, NH-7 shankerpur Chakrata road, Dehradun, Uttarakhand-248001 India India",Mr. Sumit Kumar,Mr. Ujjwal Kumar,"Name Address Country Nationality
Suraj Sinha JB Institute of Technology, Dehradun, PIN-248197 India India
Chhatra Pal Singh JB Institute of Technology, Dehradun, PIN-248197 India India
Nandini Singh JB Institute of Technology, Dehradun PIN-248197 India India","JB Institute of Technology, Dehradun, PIN-248197","JB Institute of Technology, Dehradun PIN-248197",Suraj Sinha,Chhatra Pal Singh,Nandini Singh,"Name Address Country Nationality
JB Institute of Technology JB Institute of Technology, Dehradun, 23 Milestone, NH-07, Chakrata Rd, Shankarpur, Uttarakhand 248197, India India India","JB Institute of Technology, Dehradun, 23 Milestone, NH-07, Chakrata Rd, Shankarpur, Uttarakhand 248197, India","Name Address Country Nationality
Duc Cuong Nguyen HCL VIETNAM COMPANY LIMITED, Level 17, Leadvisors Tower, 643 Pham Van Dong Street, North Tu Liem District, Hanoi, Vietnam, 100000 Vietnam Vietnam
Hiep Nguyen HCL VIETNAM COMPANY LIMITED, Level 17, Leadvisors Tower, 643 Pham Van Dong Street, North Tu Liem District, Hanoi, Vietnam, 100000 Vietnam Vietnam
Simy Chacko HCL Technologies Limited, ELCOT-SEZ, Special Economic Zone, 602/3, 138, Shollinganallur Village, Shollinganallur – Medavakkam High Road, Tambaram Taluk, Kancheepuram (Dist), Chennai - 600119, Tamil Nadu, India India India","HCL VIETNAM COMPANY LIMITED, Level 17, Leadvisors Tower, 643 Pham Van Dong Street, North Tu Liem District, Hanoi, Vietnam, 100000",Vietnam,"HCL Technologies Limited, ELCOT-SEZ, Special Economic Zone, 602/3, 138, Shollinganallur Village, Shollinganallur – Medavakkam High Road, Tambaram Taluk, Kancheepuram (Dist), Chennai - 600119, Tamil Nadu, India",Duc Cuong Nguyen,Hiep Nguyen,Simy Chacko,"Name Address Country Nationality
HCL Technologies Limited 806, Siddharth, 96, Nehru Place, New Delhi - 110019, INDIA India India","806, Siddharth, 96, Nehru Place, New Delhi - 110019, INDIA",HCL Technologies Limited,"Name Address Country Nationality
Prof. Vinay Rishiwal Professor, Dept. of CSIT, MJPRU, Bareilly, India India India
Dr. Preeti Yadav Assistant Professor, Dept. of CSIT, MJPRU, Bareilly, India India India
Dr. Anil Bisht Assistant Professor, Dept. of CSIT, MJPRU, Bareilly, India India India
Mr. Sushil Gangwar Dept. of CSIT, MJPRU, Bareilly, India India India
Dr. Pankaj Roy Assistant Professor, Dept. of CSIT, MJPRU, Bareilly, India India India","Professor, Dept. of CSIT, MJPRU, Bareilly, India","Assistant Professor, Dept. of CSIT, MJPRU, Bareilly, India","Dept. of CSIT, MJPRU, Bareilly, India",Prof. Vinay Rishiwal,Dr. Preeti Yadav,Dr. Anil Bisht,Mr. Sushil Gangwar,Dr. Pankaj Roy,"Name Address Country Nationality
MJP ROHILKHAND UNIVERSITY MJP ROHILKHAND UNIVERSITY, BAREILLY, INDIA India India","MJP ROHILKHAND UNIVERSITY, BAREILLY, INDIA",MJP ROHILKHAND UNIVERSITY,"Name Address Country Nationality
Richa Assistant Professor Department of Health Sciences, Abhilashi University Mandi (H.P.) India India
Dr. Vijay Kumar Assistant Professor Department of Biotechnology, UIBT Chandigarh University, Mohali Punjab India India","Assistant Professor Department of Health Sciences, Abhilashi University Mandi (H.P.)","Assistant Professor Department of Biotechnology, UIBT Chandigarh University, Mohali Punjab",Richa,Dr. Vijay Kumar,"Name Address Country Nationality
Prof. Vinay Rishiwal Professor, Dept. of CSIT, MJPRU, Bareilly, India India India
Dr. Brajesh Kumar Associate Professor, Dept. of CSIT, MJPRU, Bareilly, India India India
Dr. Preeti Yadav Assistant Professor, Dept. of CSIT, MJPRU, Bareilly, India India India
Dr. Akhtar Hussain Associate Professor, Dept. of CSIT, MJPRU, Bareilly, India India India
Dr. Iram Naim Assistant Professor, Dept. of CSIT, MJPRU, Bareilly, India India India","Associate Professor, Dept. of CSIT, MJPRU, Bareilly, India",Dr. Brajesh Kumar,Dr. Akhtar Hussain,Dr. Iram Naim,"Name Address Country Nationality
Prof. Vinay Rishiwal Professor, Dept. of CSIT, MJPRU, Bareilly, India India India
Dr. Preeti Yadav Assistant Professor, Dept. of CSIT, MJPRU, Bareilly, India India India
Prof. S.S. Bedi Professor, Dept. of CSIT, MJPRU, Bareilly, India India India
Dr. Brajesh Kumar Associate Professor, Dept. of CSIT, MJPRU, Bareilly, India India India
Dr. Akhtar Hussain Associate Professor, Dept. of CSIT, MJPRU, Bareilly, India India India
Mr. Vinay Maurya Dept. of CSIT, MJPRU, Bareilly, India India India",Prof. S.S. Bedi,Mr. Vinay Maurya,"Name Address Country Nationality
Prof. Vinay Rishiwal Professor, Dept. of CSIT, MJPRU, Bareilly, India India India
Prof. S.S. Bedi Professor, Dept. of CSIT, MJPRU, Bareilly, India India India
Dr. Preeti Yadav Assistant Professor, Dept. of CSIT, MJPRU, Bareilly, India India India
Dr. Anil Bisht Assistant Professor, Dept. of CSIT, MJPRU, Bareilly, India India India
Mr. Sushil Gangwar Dept. of CSIT, MJPRU, Bareilly, India India India
Mr. Vinay Maurya Dept. of CSIT, MJPRU, Bareilly, India India India","Name Address Country Nationality
Dr. Mayank Singh ITS Dental College, Delhi-Meerut Road, Muradnagar, Ghaziabad Uttar Pradesh India 201206 India India
Dr. Shreya Mishra ITS Dental College, Delhi-Meerut Road, Muradnagar, Ghaziabad Uttar Pradesh India 201206 India India
Dr. Sumit Malhotra ITS Dental College, Delhi-Meerut Road, Muradnagar, Ghaziabad Uttar Pradesh India 201206 India India","ITS Dental College, Delhi-Meerut Road, Muradnagar, Ghaziabad Uttar Pradesh India 201206",Dr. Mayank Singh,Dr. Shreya Mishra,Dr. Sumit Malhotra,"Name Address Country Nationality
ITS Dental College Delhi-Meerut Road, Muradnagar, Ghaziabad Uttar Pradesh India 201206 India India","Delhi-Meerut Road, Muradnagar, Ghaziabad Uttar Pradesh India 201206",ITS Dental College,"Name Address Country Nationality
Dr Mehak Khurana The NorthCap University, Gurugram Haryana India India India
Ananya Sharma The NorthCap University Gurugram Haryana India India India
Shubham Jain The NorthCap University, Gurugram Haryana, India India India
Arpita Samal The NorthCap University Gurugram Haryana India India India","The NorthCap University, Gurugram Haryana India",The NorthCap University Gurugram Haryana India,"The NorthCap University, Gurugram Haryana, India",Dr Mehak Khurana,Ananya Sharma,Shubham Jain,Arpita Samal,"Name Address Country Nationality
The NorthCap University Near Rotary Public School Cartarpuri Alias, Huda, Sector 23A, Gurugram Haryana India 122017 India India","Near Rotary Public School Cartarpuri Alias, Huda, Sector 23A, Gurugram Haryana India 122017",The NorthCap University,"Name Address Country Nationality
Dr. Manjoo Rani Shri Ram Murti Smarak College of Engineering and Technology, (Pharmacy), Ram Murti Puram, 13 KM, Bareilly - Nainital Rd, Bhoji Pura, Uttar Pradesh – 243202, India India India
Dr. Ravindra Kumar Department of Mechanical Engg., Shri Ram Murti Smarak Trust, Ram Murti Puram, 13 KM, Bareilly - Nainital Rd, Bhoji Pura, Uttar Pradesh – 243202, India India India
Dr. Arti Gupta Shri Ram Murti Smarak College of Engineering and Technology, (Pharmacy), Ram Murti Puram, 13 KM, Bareilly - Nainital Rd, Bhoji Pura, Uttar Pradesh – 243202, India India India
Dr. Jitendra Singh Yadav Shri Ram Murti Smarak College of Engineering and Technology, (Pharmacy), Ram Murti Puram, 13 KM, Bareilly - Nainital Rd, Bhoji Pura, Uttar Pradesh – 243202, India India India
Dr. Neeta Yadav Shri Ram Murti Smarak College of Engineering and Technology, (Pharmacy), Ram Murti Puram, 13 KM, Bareilly - Nainital Rd, Bhoji Pura, Uttar Pradesh – 243202, India India India
Dr. Saty Dev Department of Mechanical Engg., Shri Ram Murti Smarak Trust, Ram Murti Puram, 13 KM, Bareilly - Nainital Rd, Bhoji Pura, Uttar Pradesh – 243202, India India India","Shri Ram Murti Smarak College of Engineering and Technology, (Pharmacy), Ram Murti Puram, 13 KM, Bareilly - Nainital Rd, Bhoji Pura, Uttar Pradesh – 243202, India","Department of Mechanical Engg., Shri Ram Murti Smarak Trust, Ram Murti Puram, 13 KM, Bareilly - Nainital Rd, Bhoji Pura, Uttar Pradesh – 243202, India",Dr. Manjoo Rani,Dr. Ravindra Kumar,Dr. Arti Gupta,Dr. Jitendra Singh Yadav,Dr. Neeta Yadav,Dr. Saty Dev,"Name Address Country Nationality
Shri Ram Murti Smarak College of Engineering and Technology (Pharmacy) Ram Murti Puram, 13 KM, Bareilly - Nainital Rd, Bhoji Pura, Uttar Pradesh – 243202, India India India
Dr. Manjoo Rani Shri Ram Murti Smarak College of Engineering and Technology, (Pharmacy), Ram Murti Puram, 13 KM, Bareilly - Nainital Rd, Bhoji Pura, Uttar Pradesh – 243202, India India India
Dr. Ravindra Kumar Department of Mechanical Engg., Shri Ram Murti Smarak Trust, Ram Murti Puram, 13 KM, Bareilly - Nainital Rd, Bhoji Pura, Uttar Pradesh – 243202, India India India
Dr. Arti Gupta Shri Ram Murti Smarak College of Engineering and Technology, (Pharmacy), Ram Murti Puram, 13 KM, Bareilly - Nainital Rd, Bhoji Pura, Uttar Pradesh – 243202, India India India
Dr. Jitendra Singh Yadav Shri Ram Murti Smarak College of Engineering and Technology, (Pharmacy), Ram Murti Puram, 13 KM, Bareilly - Nainital Rd, Bhoji Pura, Uttar Pradesh – 243202, India India India
Dr. Neeta Yadav Shri Ram Murti Smarak College of Engineering and Technology, (Pharmacy), Ram Murti Puram, 13 KM, Bareilly - Nainital Rd, Bhoji Pura, Uttar Pradesh – 243202, India India India
Dr. Saty Dev Department of Mechanical Engg., Shri Ram Murti Smarak Trust, Ram Murti Puram, 13 KM, Bareilly - Nainital Rd, Bhoji Pura, Uttar Pradesh – 243202, India India India","Ram Murti Puram, 13 KM, Bareilly - Nainital Rd, Bhoji Pura, Uttar Pradesh – 243202, India",Shri Ram Murti Smarak College of Engineering and Technology (Pharmacy),"Name Address Country Nationality
Priyancy Agarwal I.T.S Dental College, Delhi-Meerut Road, Muradnagar, Ghaziabad Uttar Pradesh India 201206 India India
Dr. Sonali Taneja I.T.S Dental College, Delhi-Meerut Road, Muradnagar, Ghaziabad Uttar Pradesh India 201206 India India
Dr. Ritu Gupta I.T.S Dental College, Delhi-Meerut Road, Muradnagar, Ghaziabad Uttar Pradesh India 201206 India India","I.T.S Dental College, Delhi-Meerut Road, Muradnagar, Ghaziabad Uttar Pradesh India 201206",Priyancy Agarwal,Dr. Sonali Taneja,Dr. Ritu Gupta,"Name Address Country Nationality
I.T.S Dental College Delhi-Meerut Road, Muradnagar, Ghaziabad Uttar Pradesh India 201206 India India",I.T.S Dental College,"Name Address Country Nationality
Dr. Naveen Kumar Pandey Assistant Professor, Department of Computer Science, Dev Sanskriti Vishwavidyalaya, Shantikunj, Haripur Kalan, Haridwar, Uttarakhand 249411, India India India
Dr. Narendra Kumar Sharma Associate Professor, Department of Computer Application, Pranveer Singh Institute of Technology, NH 19, Kanpur, Bhautipratappur, Uttar Pradesh 209305, India India India
Dr. Shruti B. Yagnik Associate Professor, Department CE/IT, Indus University, Ahmedabad – 382 115. Gujarat, India India India
Dr. Premal chimanlal Patel Associate Professor, Computer Engineering Department, Silver Oak University, 370/371, near Bhavik Publication, Gota Gam, Gota, Ahmedabad, Gujarat 382481, India India India
Dr. Nilesh Jain Associate Professor, Department of Computer Science and Applications, Mandsaur University, Daulatpura, Madhya Pradesh 458001, India India India
Dr. Bal Krishna Sharma Professor, Department of Computer Science and Applications, Mandsaur University, Daulatpura, Madhya Pradesh 458001, India India India
Mr. Deepak Kumar Mehta Assistant Professor, Department of Computer Science and Applications, Mandsaur University, Daulatpura, Madhya Pradesh 458001, India India India
Dr. Parth Gautam Assistant Professor, Department of Computer Science and Applications, Mandsaur University, Daulatpura, Madhya Pradesh 458001, India India India","Assistant Professor, Department of Computer Science, Dev Sanskriti Vishwavidyalaya, Shantikunj, Haripur Kalan, Haridwar, Uttarakhand 249411, India","Associate Professor, Department of Computer Application, Pranveer Singh Institute of Technology, NH 19, Kanpur, Bhautipratappur, Uttar Pradesh 209305, India","Associate Professor, Department CE/IT, Indus University, Ahmedabad – 382 115. Gujarat, India","Associate Professor, Computer Engineering Department, Silver Oak University, 370/371, near Bhavik Publication, Gota Gam, Gota, Ahmedabad, Gujarat 382481, India","Associate Professor, Department of Computer Science and Applications, Mandsaur University, Daulatpura, Madhya Pradesh 458001, India","Professor, Department of Computer Science and Applications, Mandsaur University, Daulatpura, Madhya Pradesh 458001, India","Assistant Professor, Department of Computer Science and Applications, Mandsaur University, Daulatpura, Madhya Pradesh 458001, India",Dr. Naveen Kumar Pandey,Dr. Narendra Kumar Sharma,Dr. Shruti B. Yagnik,Dr. Premal chimanlal Patel,Dr. Nilesh Jain,Dr. Bal Krishna Sharma,Mr. Deepak Kumar Mehta,Dr. Parth Gautam,"Name Address Country Nationality
Dr. Garima Sharma Assistant Professor (Senior Scale), The NorthCap University, Gurugram Haryana India India India
Dr. Prerna Singal Assistant Professor (Senior Scale), The NorthCap University Gurugram Haryana India India India
Ms. Monika Yadav Assistant Professor, The NorthCap University Gurugram Haryana India India India","Assistant Professor (Senior Scale), The NorthCap University, Gurugram Haryana India","Assistant Professor (Senior Scale), The NorthCap University Gurugram Haryana India","Assistant Professor, The NorthCap University Gurugram Haryana India",Dr. Garima Sharma,Dr. Prerna Singal,Ms. Monika Yadav,"Name Address Country Nationality
Dr. Manjoo Rani Shri Ram Murti Smarak College of Engineering and Technology, (Pharmacy), Ram Murti Puram, 13 KM, Bareilly - Nainital Rd, Bhoji Pura, Uttar Pradesh – 243202, India India India
Dr. Jitendra Singh Yadav Shri Ram Murti Smarak College of Engineering and Technology, (Pharmacy), Ram Murti Puram, 13 KM, Bareilly - Nainital Rd, Bhoji Pura, Uttar Pradesh – 243202, India India India
Dr. Arti Gupta Shri Ram Murti Smarak College of Engineering and Technology, (Pharmacy), Ram Murti Puram, 13 KM, Bareilly - Nainital Rd, Bhoji Pura, Uttar Pradesh – 243202, India India India
Dr. Nita Yadav Shri Ram Murti Smarak College of Engineering and Technology, (Pharmacy), Ram Murti Puram, 13 KM, Bareilly - Nainital Rd, Bhoji Pura, Uttar Pradesh – 243202, India India India
Dr. Ravindra Kumar Department of Mechanical Engg., Shri Ram Murti Smarak College of Engineering and Technology, Ram Murti Puram, 13 KM, Bareilly – Nainital Rd, Bhoji Pura, Uttar Pradesh – 243202, India India India
Dr. Saty Dev Department of Mechanical Engg., Shri Ram Murti Smarak College of Engineering and Technology, Ram Murti Puram, 13 KM, Bareilly – Nainital Rd, Bhoji Pura, Uttar Pradesh – 243202, India India India","Department of Mechanical Engg., Shri Ram Murti Smarak College of Engineering and Technology, Ram Murti Puram, 13 KM, Bareilly – Nainital Rd, Bhoji Pura, Uttar Pradesh – 243202, India",Dr. Nita Yadav,"Name Address Country Nationality
Shri Ram Murti Smarak College of Engineering and Technology (Pharmacy) Ram Murti Puram, 13 KM, Bareilly - Nainital Rd, Bhoji Pura, Uttar Pradesh – 243202, India India India
Dr. Manjoo Rani Shri Ram Murti Smarak College of Engineering and Technology, (Pharmacy), Ram Murti Puram, 13 KM, Bareilly - Nainital Rd, Bhoji Pura, Uttar Pradesh – 243202, India India India
Dr. Jitendra Singh Yadav Shri Ram Murti Smarak College of Engineering and Technology, (Pharmacy), Ram Murti Puram, 13 KM, Bareilly - Nainital Rd, Bhoji Pura, Uttar Pradesh – 243202, India India India
Dr. Arti Gupta Shri Ram Murti Smarak College of Engineering and Technology, (Pharmacy), Ram Murti Puram, 13 KM, Bareilly - Nainital Rd, Bhoji Pura, Uttar Pradesh – 243202, India India India
Dr. Nita Yadav Shri Ram Murti Smarak College of Engineering and Technology, (Pharmacy), Ram Murti Puram, 13 KM, Bareilly - Nainital Rd, Bhoji Pura, Uttar Pradesh – 243202, India India India
Dr. Ravindra Kumar Department of Mechanical Engg., Shri Ram Murti Smarak College of Engineering and Technology, Ram Murti Puram, 13 KM, Bareilly – Nainital Rd, Bhoji Pura, Uttar Pradesh – 243202, India India India
Dr. Saty Dev Department of Mechanical Engg., Shri Ram Murti Smarak College of Engineering and Technology, Ram Murti Puram, 13 KM, Bareilly – Nainital Rd, Bhoji Pura, Uttar Pradesh – 243202, India India India","Name Address Country Nationality
Mr. Pawan Kumar Badhan Assistant Professor, IT Department, Pyramid College of Business and Technology, Phagwara, Punjab. India India
Ms. Navjot Kaur Assistant Professor, IT Department, Pyramid College of Business and Technology, Phagwara, Punjab. India India
Ms. Manjeet Kaur Assistant Professor, IT Department, Pyramid College of Business and Technology, Phagwara, Punjab India India
Mr. Inderpal Singh Computer Application Department, CKD Institute of Management and Technology, Tarn Taran, Punjab. India India
Mr. Karan Thakur Assistant Professor, Management Department, Pyramid College of Business and Technology, Phagwara, Punjab. India India","Assistant Professor, IT Department, Pyramid College of Business and Technology, Phagwara, Punjab.","Assistant Professor, IT Department, Pyramid College of Business and Technology, Phagwara, Punjab","Computer Application Department, CKD Institute of Management and Technology, Tarn Taran, Punjab.","Assistant Professor, Management Department, Pyramid College of Business and Technology, Phagwara, Punjab.",Mr. Pawan Kumar Badhan,Ms. Navjot Kaur,Ms. Manjeet Kaur,Mr. Inderpal Singh,Mr. Karan Thakur,"Name Address Country Nationality
Ms. Barkha Samania Assistant Professor, Department (MCA), SRM University, Delhi-NCR Campus, Delhi-Meerut Road, Modinagar, Ghaziabad-201204 (U.P.) India India
Dr. Nishant Kumar Pathak Associate Professor, Department (Computer Science & Engineering), Ajay Kumar Garg Engineering College, Ghaziabad India India
Dr. Alka Verma Associate Professor, Department of Electronics and Communication Engineering, Teerthanker Mahaveer University, Moradabad, U.P India India
Harnit Saini Assistant Professor, Department (Computer Science & Engineering), Ajay Kumar Garg Engineering College, Ghaziabad India India
Chitra Assistant Professor, Department (Information Technology), Ajay Kumar Garg Engineering College, Ghaziabad India India
Manoj Kumar Assistant Professor, Department (Computer Science & Engineering), Ajay Kumar Garg Engineering College, Ghaziabad India India
Dr. Rahul Kumar Pandey Assistant Professor, Department (Applied Sciences and Humanities), Ajay Kumar Garg Engineering College, Ghaziabad India India","Assistant Professor, Department (MCA), SRM University, Delhi-NCR Campus, Delhi-Meerut Road, Modinagar, Ghaziabad-201204 (U.P.)","Associate Professor, Department (Computer Science & Engineering), Ajay Kumar Garg Engineering College, Ghaziabad","Associate Professor, Department of Electronics and Communication Engineering, Teerthanker Mahaveer University, Moradabad, U.P","Assistant Professor, Department (Computer Science & Engineering), Ajay Kumar Garg Engineering College, Ghaziabad","Assistant Professor, Department (Information Technology), Ajay Kumar Garg Engineering College, Ghaziabad","Assistant Professor, Department (Applied Sciences and Humanities), Ajay Kumar Garg Engineering College, Ghaziabad",Ms. Barkha Samania,Dr. Nishant Kumar Pathak,Dr. Alka Verma,Harnit Saini,Chitra,Manoj Kumar,Dr. Rahul Kumar Pandey,"Name Address Country Nationality
Prof. (Dr.) Sandeep Gupta Director, Sunder Deep Engineering College, Ghaziabad (Affiliated to AKTU, Lucknow), 201015, Uttar Pradesh India India
Dr. Ashish Kumar Mourya Head of the Department, Department of Computer Application, Greater Noida Institute of Professional Studies, Gr. Noida (Affiliated to CCS University, Meerut), Uttar Pradesh-201310 India India
Mr. Parvinder Kumar Assistant Professor, Department of Computer Science & Engineering, HMRITM (Affiliated to IP University), New Delhi-110036 India India
Dr. Shafqat Ul Ahsaan Assistant Professor, Department of Computer Science & Engineering, NIMS University, Jaipur-303121, Rajasthan India India
Ms. Ritu Malhotra Assistant Professor, Department of Computer Application, Greater Noida Institute of Professional Studies, Gr. Noida (Affiliated to CCS University, Meerut), Uttar Pradesh-201310 India India
Mr. Rupak Kumar Assistant Professor, Department of Information Technology, IMS Engineering College, Ghaziabad, (Affiliated to AKTU, Lucknow), 201015, Uttar Pradesh India India
Dr. Anand M Assistant Professor, Department of Data Science and Business Systems, School of Computing College of Engineering and Technology, SRM Institute of Science and Technology, SRM Nagar, Potheri, Kattankulathur, 603203, Tamil Nadu India India
Mr. Abhishek Singh Head of the Department, Department of Computer Application, Sunder Deep Engineering College, Ghaziabad (Affiliated to AKTU, Lucknow), 201015, Uttar Pradesh India India","Director, Sunder Deep Engineering College, Ghaziabad (Affiliated to AKTU, Lucknow), 201015, Uttar Pradesh","Head of the Department, Department of Computer Application, Greater Noida Institute of Professional Studies, Gr. Noida (Affiliated to CCS University, Meerut), Uttar Pradesh-201310","Assistant Professor, Department of Computer Science & Engineering, HMRITM (Affiliated to IP University), New Delhi-110036","Assistant Professor, Department of Computer Science & Engineering, NIMS University, Jaipur-303121, Rajasthan","Assistant Professor, Department of Computer Application, Greater Noida Institute of Professional Studies, Gr. Noida (Affiliated to CCS University, Meerut), Uttar Pradesh-201310","Assistant Professor, Department of Information Technology, IMS Engineering College, Ghaziabad, (Affiliated to AKTU, Lucknow), 201015, Uttar Pradesh","Assistant Professor, Department of Data Science and Business Systems, School of Computing College of Engineering and Technology, SRM Institute of Science and Technology, SRM Nagar, Potheri, Kattankulathur, 603203, Tamil Nadu","Head of the Department, Department of Computer Application, Sunder Deep Engineering College, Ghaziabad (Affiliated to AKTU, Lucknow), 201015, Uttar Pradesh",Prof. (Dr.) Sandeep Gupta,Dr. Ashish Kumar Mourya,Mr. Parvinder Kumar,Dr. Shafqat Ul Ahsaan,Ms. Ritu Malhotra,Mr. Rupak Kumar,Dr. Anand M,Mr. Abhishek Singh,"Name Address Country Nationality
Dr. Kakoli Banerjee JSS Academy of Technical Education, Noida, Gautam Buddha Nagar, Uttar Pradesh-201301, India India India
Mr. Ajay Kumar JSS Academy of Technical Education, Noida, Gautam Buddha Nagar, Uttar Pradesh-201301, India India India
Dr. Pradeep Kumar JSS Academy of Technical Education, Noida, Gautam Buddha Nagar, Uttar Pradesh-201301, India India India
Mr. Harsha K.G. JSS Academy of Technical Education, Noida, Gautam Buddha Nagar, Uttar Pradesh-201301, India India India
Mr. Vinooth P JSS Academy of Technical Education, Noida, Gautam Buddha Nagar, Uttar Pradesh-201301, India India India
Dr. Sur Singh Rawat JSS Academy of Technical Education, Noida, Gautam Buddha Nagar, Uttar Pradesh-201301, India India India
Mr. Mukesh Raj JSS Academy of Technical Education, Noida, Gautam Buddha Nagar, Uttar Pradesh-201301, India India India
Ms. Surekha M. JSS Academy of Technical Education, Noida, Gautam Buddha Nagar, Uttar Pradesh-201301, India India India
Ms. Anuradha Singh JSS Academy of Technical Education, Noida, Gautam Buddha Nagar, Uttar Pradesh-201301, India India India
Mr. Priyank Sirohi Sir Chhotu Ram Institute of Engineering and Technology, C.C.S. University, Meerut-250001, Uttar Pradesh, India India India","JSS Academy of Technical Education, Noida, Gautam Buddha Nagar, Uttar Pradesh-201301, India","Sir Chhotu Ram Institute of Engineering and Technology, C.C.S. University, Meerut-250001, Uttar Pradesh, India",Dr. Kakoli Banerjee,Mr. Ajay Kumar,Dr. Pradeep Kumar,Mr. Harsha K.G.,Mr. Vinooth P,Dr. Sur Singh Rawat,Mr. Mukesh Raj,Ms. Surekha M.,Ms. Anuradha Singh,Mr. Priyank Sirohi,"Name Address Country Nationality
JSS Academy of Technical Education, Noida JSS Academy of Technical Education, Noida, Gautam Buddha Nagar, Uttar Pradesh-201301, India India India","JSS Academy of Technical Education, Noida","Name Address Country Nationality
Abhishek Srivastava 538Ka/456/47, Shiv Puram, Triveni Nagar 3rd, Lucknow India India","538Ka/456/47, Shiv Puram, Triveni Nagar 3rd, Lucknow",Abhishek Srivastava
0,SYSTEM FOR PRECISION AGRICULTURE USING IOT DATA ANALYTICS AND MACHINE LEARNING,07/2024,16/02/2024,INA,202411009958,13/02/2024,,,,COMMUNICATION,"H04W0084180000, G06N0020000000, H04L0067120000, G06N0005040000, G06Q0050020000",Dr. Ashu Gautam,India,India,India,India,India,India,India,India,India,India,"Professor, ECE, Manav Rachna International Institute of Research and Studies (MRIIRS), Faridabad - 122103, Haryana, India.","Assistant Professor, Electronics and Communication Engineering Department, University Institute of Engineering and Technology, Kurukshetra University, Kurukshetra - 135001, Haryana, India.","Associate Professor, Department of ECE, Muthayammal Engineering College, Rasipuram - 637408, Tamil Nadu, India","Assistant Professor (CSE), Government Engineering College Munger, Bihar - 811202, India.","Research Scholar, Computer Science Department, M.B.M University, Jodhpur, Rajasthan - 342008, India.","Galgotias University, New Delhi - 110067, India.","Professor, Navins Springfield, Chennai – 600100, Tamil Nadu, India.","RayatBahra University, Tehsil Kharar, Mohali Punjab – 140301, India.","Assistant Professor, St Joseph's College of engineering, Department of Information Technology, Chennai - 600106 Tamil Nadu, India.",202411009958,ORDINARY APPLICATION,13/02/2024,"1 . Dr. Ashu Gautam
2 . Dr. Nikhil Kumar Marriwala
3 . Dr. P. Padmaloshani
4 . Saurabh Suman
5 . Neelam Bohra
6 . Dr. Vajenti Mala
7 . Deepa Jose
8 . Dr. Reena Chandel
9 . Sinthuja PM",SYSTEM FOR PRECISION AGRICULTURE USING IOT DATA ANALYTICS AND MACHINE LEARNING,COMMUNICATION,dua.tapasya@ipconneqt.com,,,,--,16/02/2024,Awaiting Request for Examination,,,,,,,,,,,,,,,,,,,,,,,,,,,,,,,,,,,,,,,,,,,,,,,,,,,,,,,,,,,,,,,,,,,,,,,,,,,,,,,,,,,,,,,,,,,,,,,,,,,,,,,,,,,,,,,,,,,,,,,,,,,,,,,,,,,,,,,,,,,,,,,,,,,,,,,,,,,,,,,,,,,,,,,,,,,,,,,,,,,,,,,,,,,,,,,,,,,,
1,A UNIFIED MULTIFUNCTIONAL-RECONFIGURABLE DESIGN WITH DEVICE-CIRCUIT CO-OPTIMIZATION,07/2024,16/02/2024,INA,202411009946,13/02/2024,,,,ELECTRONICS,"H01L0029780000, H01L0027020000, H01L0027060000, H01L0029660000, H01L0023528000",,,India,,,,,,,,,,,,,,,,,,202411009946,ORDINARY APPLICATION,13/02/2024,"1 . Gagan
2 . Akansha Aggarwal",A UNIFIED MULTIFUNCTIONAL-RECONFIGURABLE DESIGN WITH DEVICE-CIRCUIT CO-OPTIMIZATION,ELECTRONICS,gaganyadav838@gmail.com,,,,17/02/2024,16/02/2024,Application Awaiting Examination,,Gagan,India,India,"H.No.-216, Vill.-Mandpura, P.O.-Sherpur, Teh.-Pataudi, Dist.-Gurgaon, HR-122502.","B-63 A, Mansarovar Park, Shahdara, Delhi-110032.",,,,,,,,,,,,,,,,,,,,,,,,,,,,,,,,,,,,,,,,,,,,,,,,,,,,,,,,,,,,,,,,,,,,,,,,,,,,,,,,,,,,,,,,,,,,,,,,,,,,,,,,,,,,,,,,,,,,,,,,,,,,,,,,,,,,,,,,,,,,,,,,,,,,,,,,,,,,,,,,,,,,,,,,,,,,,,,,,,,,,,,,,,,,,,
2,"A FACE MATCH METHOD FOR IDENTIFICATION AND COMMUNICATION OF CRIMINAL, DUMB, DEAF, MISSING AS WELL AS WANTED PERSON AND ITS APPLICATION THEREOF",07/2024,16/02/2024,INA,202411009944,13/02/2024,,,,ELECTRONICS,"G10L0017000000, H04L0061450000, G06Q0020380000, G06Q0010100000, H04M0003420000",,,India,,,,,,,,,,,,,,,,,,202411009944,ORDINARY APPLICATION,13/02/2024,DEEPAK GUPTA,"A FACE MATCH METHOD FOR IDENTIFICATION AND COMMUNICATION OF CRIMINAL, DUMB, DEAF, MISSING AS WELL AS WANTED PERSON AND ITS APPLICATION THEREOF",ELECTRONICS,ipccertificate@gmail.com,,,,13/02/2024,16/02/2024,Application Awaiting Examination,,,,,,,DEEPAK GUPTA,India,India,India,35 DARU BHONDELA BADA BAZAR GUDRI JHANSI,"35, DARU BHONDELA BADA BAZAR,JHANSI, U.P, INDIA-284002","311 1A NEW 1244, JHOKAN BAGH CIVIL LINES, JHANSI (U.P) - 284001",DEEPAK GUPTA,,,,,,,,,,,,,,,,,,,,,,,,,,,,,,,,,,,,,,,,,,,,,,,,,,,,,,,,,,,,,,,,,,,,,,,,,,,,,,,,,,,,,,,,,,,,,,,,,,,,,,,,,,,,,,,,,,,,,,,,,,,,,,,,,,,,,,,,,,,,,,,,,,,,,,,,,,,,,,,,,,,,,,,,,,,,,,,,,,,,,,
3,SOLAR POWER BASED INTERNET OF THINGS (IOT) BASED RAPID CHARGING OF ELECTRIC VEHICLES,07/2024,16/02/2024,INA,202411009976,13/02/2024,,,,ELECTRICAL,"H02J0007000000, H01M0010440000, B60L0053100000, H04L0067120000, H02J0007040000",,,India,,,,,,,,,,,,,,,,,,202411009976,ORDINARY APPLICATION,13/02/2024,JB Institute of Technology,SOLAR POWER BASED INTERNET OF THINGS (IOT) BASED RAPID CHARGING OF ELECTRIC VEHICLES,ELECTRICAL,senanipindia@gmail.com,,,,--,16/02/2024,Awaiting Request for Examination,,,,,,,,,,,,,,,Dr. Swati Kamal Tripathi,India,"JB Institute of Technology, Dehradun,248197","JB Institute of Technology, Dehradun,248197",JB Institute of Technology,India,"JB Institute of Technology, Dehradun, 23 Milestone, NH-07, Chakrata Rd, Shankarpur, Uttarakhand 248197, India.",,,,,,,,,,,,,,,,,,,,,,,,,,,,,,,,,,,,,,,,,,,,,,,,,,,,,,,,,,,,,,,,,,,,,,,,,,,,,,,,,,,,,,,,,,,,,,,,,,,,,,,,,,,,,,,,,,,,,,,,,,,,,,,,,,,,,,,,,,,,,,,,,,,,,,,,,,,,,,,,,,,,,,,,,,,,,,,
4,A SYSTEM AND METHOD FOR AN OIL EXPELLER WITH DUAL CHAMBERS,07/2024,16/02/2024,INA,202411009977,13/02/2024,,,,MECHANICAL ENGINEERING,"B30B0009120000, A23L0033115000, C11B0001060000, F16H0057040000, C10L0001020000",,,India,,,,,,,,,,,,,,,,,,202411009977,ORDINARY APPLICATION,13/02/2024,JB Institute of Technology,A SYSTEM AND METHOD FOR AN OIL EXPELLER WITH DUAL CHAMBERS,MECHANICAL ENGINEERING,senanipindia@gmail.com,,,,--,16/02/2024,Awaiting Request for Examination,,,,,,,,,,,,,,,,,,,JB Institute of Technology,India,"JB Institute of Technology, Dehradun, 23 Milestone, NH-07, Chakrata Rd, Shankarpur, Uttarakhand 248197, India.",Dr. Pradeep Kothiyal,India,"JB Institute of Technology 23 mile stone, NH-7 shankerpur Chakrata road, Dehradun, Uttarakhand-248001","JB Institute of Technology 23 mile stone, NH-7 shankerpur Chakrata road, Dehradun, Uttarakhand-248001",,,,,,,,,,,,,,,,,,,,,,,,,,,,,,,,,,,,,,,,,,,,,,,,,,,,,,,,,,,,,,,,,,,,,,,,,,,,,,,,,,,,,,,,,,,,,,,,,,,,,,,,,,,,,,,,,,,,,,,,,,,,,,,,,,,,,,,,,,,,,,,,,,,,,,,,,,,,,,,,,,,,,,,,,,,
5,A SYSTEM AND METHOD FOR THERMOELECTRIC REFRIGERATOR USING SOLAR ENERGY,07/2024,16/02/2024,INA,202411009978,13/02/2024,,,,ELECTRONICS,"H01L0035340000, F24F0005000000, H01L0035300000, F25B0021020000, F25B0027000000",,,India,,,,,,,,,,,,,,,,,,202411009978,ORDINARY APPLICATION,13/02/2024,JB Institute of Technology,A SYSTEM AND METHOD FOR THERMOELECTRIC REFRIGERATOR USING SOLAR ENERGY,ELECTRONICS,senanipindia@gmail.com,,,,--,16/02/2024,Awaiting Request for Examination,,,,,,,,,,,,,,,,,,,JB Institute of Technology,India,"JB Institute of Technology, Dehradun, 23 Milestone, NH-07, Chakrata Rd, Shankarpur, Uttarakhand 248197, India.",,India,,,Mr. Sumit Kumar,"JB Institute of Technology 23 mile stone, NH-7 shankerpur Chakrata road, Dehradun, Uttarakhand-248001","JB Institute of Technology 23 mile stone, NH-7 shankerpur Chakrata road, Dehradun, Uttarakhand-248001",,,,,,,,,,,,,,,,,,,,,,,,,,,,,,,,,,,,,,,,,,,,,,,,,,,,,,,,,,,,,,,,,,,,,,,,,,,,,,,,,,,,,,,,,,,,,,,,,,,,,,,,,,,,,,,,,,,,,,,,,,,,,,,,,,,,,,,,,,,,,,,,,,,,,,,,,,,,,,,,,,,,,,,,
6,A CYBER SECURITY SYSTEM FOR THE DETECTION INDUSTRIAL IOT DEVICE VULNERABILITIES,07/2024,16/02/2024,INA,202411009979,13/02/2024,,,,COMPUTER SCIENCE,"G06F0021570000, G06N0020000000, G06F0021550000, H04L0067120000, H04L0043060000",,,India,,,,,,,,,,,,,,,,,,202411009979,ORDINARY APPLICATION,13/02/2024,JB Institute of Technology,A CYBER SECURITY SYSTEM FOR THE DETECTION INDUSTRIAL IOT DEVICE VULNERABILITIES,COMPUTER SCIENCE,senanipindia@gmail.com,,,,--,16/02/2024,Awaiting Request for Examination,,,,,,,,,,,,,,,,,,,,,"JB Institute of Technology, Dehradun, 23 Milestone, NH-07, Chakrata Rd, Shankarpur, Uttarakhand 248197, India",,,,,,,,Suraj Sinha,India,India,"JB Institute of Technology, Dehradun, PIN-248197","JB Institute of Technology, Dehradun, PIN-248197","JB Institute of Technology, Dehradun PIN-248197",JB Institute of Technology,India,,,,,,,,,,,,,,,,,,,,,,,,,,,,,,,,,,,,,,,,,,,,,,,,,,,,,,,,,,,,,,,,,,,,,,,,,,,,,,,,,,,,,,,,,,,,,,,,,,,,,,,,,,,,,,,,,,,,,,,,,,,,,,,,,,,,,,,,,,,,,,,,,,,,,,,,,,,,,,,,
7,METHOD AND SYSTEM FOR PRESERVING PRIVACY OF TELEMATIC DATA,07/2024,16/02/2024,INA,202411009783,13/02/2024,,,,COMMUNICATION,"H04L0009000000, G06F0021620000, G06Q0040080000, G06F0021600000, H04L0009320000",,,India,,,,,,,,,,,,,,,,,,202411009783,ORDINARY APPLICATION,13/02/2024,HCL Technologies Limited,METHOD AND SYSTEM FOR PRESERVING PRIVACY OF TELEMATIC DATA,COMMUNICATION,docketing@inventip.in,,,,13/02/2024,16/02/2024,Application Awaiting Examination,,,,,,,,,,,,,,,,,,,,,,,,,,,,,,,,,,,,,Duc Cuong Nguyen,Vietnam,Vietnam,India,"HCL VIETNAM COMPANY LIMITED, Level 17, Leadvisors Tower, 643 Pham Van Dong Street, North Tu Liem District, Hanoi, Vietnam, 100000","HCL VIETNAM COMPANY LIMITED, Level 17, Leadvisors Tower, 643 Pham Van Dong Street, North Tu Liem District, Hanoi, Vietnam, 100000","HCL Technologies Limited, ELCOT-SEZ, Special Economic Zone, 602/3, 138, Shollinganallur Village, Shollinganallur – Medavakkam High Road, Tambaram Taluk, Kancheepuram (Dist), Chennai - 600119, Tamil Nadu, India",HCL Technologies Limited,India,"806, Siddharth, 96, Nehru Place, New Delhi - 110019, INDIA",,,,,,,,,,,,,,,,,,,,,,,,,,,,,,,,,,,,,,,,,,,,,,,,,,,,,,,,,,,,,,,,,,,,,,,,,,,,,,,,,,,,,,,,,,,,,,,,,,,,,,,,,,,,,,,,,,,,,,,,,,,,,,,,,,,,,,,,,,,,,,,,,,,,,,
8,INTEGRATED IOT SOLUTIONS FOR HOLISTIC ELDERLY CARE: CONTINUOUS VITAL SIGNS MONITORING AND ALERTS IN HUMAN-CENTRIC SMART HOMES,07/2024,16/02/2024,INA,202411009784,13/02/2024,,,,BIO-MEDICAL ENGINEERING,"A61B0005000000, A61B0005080000, A61B0005024000, A61B0005020500, G16H0040670000",,,India,,,,,,,,,,,,,,,,,,202411009784,ORDINARY APPLICATION,13/02/2024,MJP ROHILKHAND UNIVERSITY,INTEGRATED IOT SOLUTIONS FOR HOLISTIC ELDERLY CARE: CONTINUOUS VITAL SIGNS MONITORING AND ALERTS IN HUMAN-CENTRIC SMART HOMES,BIO-MEDICAL ENGINEERING,sgowthami12@gmail.com,,,,--,16/02/2024,Awaiting Request for Examination,,,,,,,,,,,,,,,,,,,,,,,,,,,,,,,,,,,,,,,,,,,,,,,Prof. Vinay Rishiwal,India,India,India,"Professor, Dept. of CSIT, MJPRU, Bareilly, India","Assistant Professor, Dept. of CSIT, MJPRU, Bareilly, India","Assistant Professor, Dept. of CSIT, MJPRU, Bareilly, India","Dept. of CSIT, MJPRU, Bareilly, India","Assistant Professor, Dept. of CSIT, MJPRU, Bareilly, India",MJP ROHILKHAND UNIVERSITY,India,"MJP ROHILKHAND UNIVERSITY, BAREILLY, INDIA",,,,,,,,,,,,,,,,,,,,,,,,,,,,,,,,,,,,,,,,,,,,,,,,,,,,,,,,,,,,,,,,,,,,,,,,,,,,,,,,,,,,,,,,,,,,,,,,,,,,,,,,,,,,,,,,,,,,,,,,,,,,,,,,,,,,,,,,,,
9,UTILIZATION OF POULTRY WASTE FOR PREPARATION OF POULTRY COMPOST: A ORGANIC FERTILIZER,07/2024,16/02/2024,INA,202411009776,13/02/2024,,,,BIOTECHNOLOGY,"C12N0001200000, A22C0021020000, C12N0007000000, A22C0021000000, C12N0009520000",,,India,,,,,,,,,,,,,,,,,,202411009776,ORDINARY APPLICATION,13/02/2024,"1 . Richa
2 . Dr. Vijay Kumar",UTILIZATION OF POULTRY WASTE FOR PREPARATION OF POULTRY COMPOST: A ORGANIC FERTILIZER,BIOTECHNOLOGY,connect@ataraxiaip.com,,,,--,16/02/2024,Awaiting Request for Examination,,,,,,,,,,,,,,,,,,,,,,,,,,,,,,,,,,,,,,,,,,,,,,,,,,,,,,,,,,,Richa,India,India,"Assistant Professor Department of Health Sciences, Abhilashi University Mandi (H.P.)","Assistant Professor Department of Biotechnology, UIBT Chandigarh University, Mohali Punjab",,,,,,,,,,,,,,,,,,,,,,,,,,,,,,,,,,,,,,,,,,,,,,,,,,,,,,,,,,,,,,,,,,,,,,,,,,,,,,,,,,,,,,,,,,,,,,,,,,,,,,,,,,,,,,,,,,,,,,,,,,,,,,,,,,,,,
10,SMARTWEEDX: CUTTING-EDGE WEED DETECTION AND ERADICATION SYSTEM USING IOT TECHNOLOGY AND AUTONOMOUS ROBOTIC ARMS,07/2024,16/02/2024,INA,202411009760,13/02/2024,,,,MECHANICAL ENGINEERING,"A01M0021040000, G06Q0050020000, G01N0033000000, G06N0003040000, H04L0067120000",,,India,,,,,,,,,,,,,,,,,,202411009760,ORDINARY APPLICATION,13/02/2024,MJP ROHILKHAND UNIVERSITY,SMARTWEEDX: CUTTING-EDGE WEED DETECTION AND ERADICATION SYSTEM USING IOT TECHNOLOGY AND AUTONOMOUS ROBOTIC ARMS,MECHANICAL ENGINEERING,sgowthami12@gmail.com,,,,--,16/02/2024,Awaiting Request for Examination,,,,,,,,,,,,,,,,,,,,,,,,,,,,,,,,,,,,,,,,,,,,,,,,India,India,,"Professor, Dept. of CSIT, MJPRU, Bareilly, India","Assistant Professor, Dept. of CSIT, MJPRU, Bareilly, India",,,,MJP ROHILKHAND UNIVERSITY,India,"MJP ROHILKHAND UNIVERSITY, BAREILLY, INDIA",,,,,,Prof. Vinay Rishiwal,India,"Associate Professor, Dept. of CSIT, MJPRU, Bareilly, India","Associate Professor, Dept. of CSIT, MJPRU, Bareilly, India","Assistant Professor, Dept. of CSIT, MJPRU, Bareilly, India",,,,,,,,,,,,,,,,,,,,,,,,,,,,,,,,,,,,,,,,,,,,,,,,,,,,,,,,,,,,,,,,,,,,,,,,,,,,,,,,,,,,,,,,,,,,,,,,,,,,,,,,,,,,,,,,,,,,,,,,,,,,,,,,
11,"AQUAWATCH: DEPLOYING IOT SENSORS FOR REAL-TIME WATER QUALITY MONITORING IN LAKES, RIVERS, AND RESERVOIRS FOR POLLUTION DETECTION AND ENVIRONMENTAL CONSERVATION",07/2024,16/02/2024,INA,202411009757,13/02/2024,,,,CHEMICAL,"G01N0033180000, H04L0067120000, G06N0020000000, G08B0021120000, G01N0033000000",,,India,,,,,,,,,,,,,,,,,,202411009757,ORDINARY APPLICATION,13/02/2024,MJP ROHILKHAND UNIVERSITY,"AQUAWATCH: DEPLOYING IOT SENSORS FOR REAL-TIME WATER QUALITY MONITORING IN LAKES, RIVERS, AND RESERVOIRS FOR POLLUTION DETECTION AND ENVIRONMENTAL CONSERVATION",CHEMICAL,sgowthami12@gmail.com,,,,--,16/02/2024,Awaiting Request for Examination,,,,,,,,,,,,,,,,,,,,,,,,,,,,,,,,,,,,,,,,,,,,,,,,India,India,India,"Professor, Dept. of CSIT, MJPRU, Bareilly, India","Assistant Professor, Dept. of CSIT, MJPRU, Bareilly, India",,,,MJP ROHILKHAND UNIVERSITY,India,"MJP ROHILKHAND UNIVERSITY, BAREILLY, INDIA",,,,,,,India,"Associate Professor, Dept. of CSIT, MJPRU, Bareilly, India","Associate Professor, Dept. of CSIT, MJPRU, Bareilly, India",,Prof. Vinay Rishiwal,"Professor, Dept. of CSIT, MJPRU, Bareilly, India","Dept. of CSIT, MJPRU, Bareilly, India",,,,,,,,,,,,,,,,,,,,,,,,,,,,,,,,,,,,,,,,,,,,,,,,,,,,,,,,,,,,,,,,,,,,,,,,,,,,,,,,,,,,,,,,,,,,,,,,,,,,,,,,,,,,,,,,,,,,,,,,,,,,,
12,"INTEGRATED IOT-BASED SLEEP PATTERN ANALYSIS, QUALITY MONITORING AND IMPROVEMENT SYSTEM",07/2024,16/02/2024,INA,202411009754,13/02/2024,,,,BIO-MEDICAL ENGINEERING,"A61B0005000000, A61B0005110000, G16H0020300000, G16H0050200000, G16H0020700000",,,India,,,,,,,,,,,,,,,,,,202411009754,ORDINARY APPLICATION,13/02/2024,MJP ROHILKHAND UNIVERSITY,"INTEGRATED IOT-BASED SLEEP PATTERN ANALYSIS, QUALITY MONITORING AND IMPROVEMENT SYSTEM",BIO-MEDICAL ENGINEERING,sgowthami12@gmail.com,,,,--,16/02/2024,Awaiting Request for Examination,,,,,,,,,,,,,,,,,,,,,,,,,,,,,,,,,,,,,,,,,,,,,,,,India,India,India,"Professor, Dept. of CSIT, MJPRU, Bareilly, India","Assistant Professor, Dept. of CSIT, MJPRU, Bareilly, India","Assistant Professor, Dept. of CSIT, MJPRU, Bareilly, India","Dept. of CSIT, MJPRU, Bareilly, India",,MJP ROHILKHAND UNIVERSITY,India,"MJP ROHILKHAND UNIVERSITY, BAREILLY, INDIA",,,,,,,,,,,,"Professor, Dept. of CSIT, MJPRU, Bareilly, India","Dept. of CSIT, MJPRU, Bareilly, India",Prof. Vinay Rishiwal,,,,,,,,,,,,,,,,,,,,,,,,,,,,,,,,,,,,,,,,,,,,,,,,,,,,,,,,,,,,,,,,,,,,,,,,,,,,,,,,,,,,,,,,,,,,,,,,,,,,,,,,,,,,,,,,,,,,,,,,,,,,
13,A PRESSURE SENSITIVE PERIODONTAL PROBE,07/2024,16/02/2024,INA,202411009737,13/02/2024,,,,BIO-MEDICAL ENGINEERING,"A61C19/00, A61C19/04, G01R1/067",,,India,,,,,,,,,,,,,,,,,,202411009737,ORDINARY APPLICATION,13/02/2024,ITS Dental College,A PRESSURE SENSITIVE PERIODONTAL PROBE,BIO-MEDICAL ENGINEERING,pooja@innoveintellects.com,,,,--,16/02/2024,Awaiting Request for Examination,,,,,,,,,,,,,,,,,,,,,,,,,,,,,,,,,,,,,,,,,,,,,,,,,,,,,,,,,,,,,,,,,,,,,,,,,Dr. Mayank Singh,India,"ITS Dental College, Delhi-Meerut Road, Muradnagar, Ghaziabad Uttar Pradesh India 201206","ITS Dental College, Delhi-Meerut Road, Muradnagar, Ghaziabad Uttar Pradesh India 201206","ITS Dental College, Delhi-Meerut Road, Muradnagar, Ghaziabad Uttar Pradesh India 201206",ITS Dental College,India,"Delhi-Meerut Road, Muradnagar, Ghaziabad Uttar Pradesh India 201206",,,,,,,,,,,,,,,,,,,,,,,,,,,,,,,,,,,,,,,,,,,,,,,,,,,,,,,,,,,,,,,,,,,,,,,,,,,,,,,,,,,,,,,,,,,,,,,,,,,,,,,,,,,,,,,,,,,,
14,"INTEGRATED ENVIRONMENTAL MONITORING AND TRAFFIC OPTIMIZATION SYSTEM UTILIZING IOT, BLOCKCHAIN, AND ADVANCED TRAFFIC MANAGEMENT",07/2024,16/02/2024,INA,202411009738,13/02/2024,,,,ELECTRONICS,"G08G0001010000, H04L0009320000, G06Q0010040000, H04L0067120000, G08G0001080000",,,India,,,,,,,,,,,,,,,,,,202411009738,ORDINARY APPLICATION,13/02/2024,The NorthCap University,"INTEGRATED ENVIRONMENTAL MONITORING AND TRAFFIC OPTIMIZATION SYSTEM UTILIZING IOT, BLOCKCHAIN, AND ADVANCED TRAFFIC MANAGEMENT",ELECTRONICS,pooja@innoveintellects.com,,,,--,16/02/2024,Awaiting Request for Examination,,,,,,,,,,,,,,,,,,,,,,,,,,,,,,,,,,,,,,,,,,,,,,,,,,,,,,,,,,,,,,,,,,,,,,,,,,,,,,,,,Dr Mehak Khurana,India,India,India,"The NorthCap University, Gurugram Haryana India",The NorthCap University Gurugram Haryana India,"The NorthCap University, Gurugram Haryana, India",The NorthCap University Gurugram Haryana India,The NorthCap University,India,"Near Rotary Public School Cartarpuri Alias, Huda, Sector 23A, Gurugram Haryana India 122017",,,,,,,,,,,,,,,,,,,,,,,,,,,,,,,,,,,,,,,,,,,,,,,,,,,,,,,,,,,,,,,,,,,,,,,,,,,,,,,,,,,,,,,,,,,,,,,,,,,,,,,,,
15,INTEGRATED WASTE-ENERGY SYSTEM FOR RURAL SUSTAINABILITY,07/2024,16/02/2024,INA,202411009735,13/02/2024,,,,BIO-MEDICAL ENGINEERING,"C12M0001107000, C12M0001000000, C12P0005020000, C12N0001200000, H01M0010420000",,,India,,,,,,,,,,,,,,,,,,202411009735,ORDINARY APPLICATION,13/02/2024,"1 . Shri Ram Murti Smarak College of Engineering and Technology (Pharmacy)
2 . Dr. Manjoo Rani
3 . Dr. Ravindra Kumar
4 . Dr. Arti Gupta
5 . Dr. Jitendra Singh Yadav
6 . Dr. Neeta Yadav
7 . Dr. Saty Dev",INTEGRATED WASTE-ENERGY SYSTEM FOR RURAL SUSTAINABILITY,BIO-MEDICAL ENGINEERING,pooja@innoveintellects.com,,,,--,16/02/2024,Awaiting Request for Examination,,,,,,,,,,,,,,,,,,,,,,,,,,,,,,,,,,,,,,,,,,,,,,,,,,,,,,,,,,,,,,,,,,,,,,,,,,,,,,,,,,,,,,,,,,,,Dr. Manjoo Rani,India,India,"Shri Ram Murti Smarak College of Engineering and Technology, (Pharmacy), Ram Murti Puram, 13 KM, Bareilly - Nainital Rd, Bhoji Pura, Uttar Pradesh – 243202, India","Department of Mechanical Engg., Shri Ram Murti Smarak Trust, Ram Murti Puram, 13 KM, Bareilly - Nainital Rd, Bhoji Pura, Uttar Pradesh – 243202, India","Shri Ram Murti Smarak College of Engineering and Technology, (Pharmacy), Ram Murti Puram, 13 KM, Bareilly - Nainital Rd, Bhoji Pura, Uttar Pradesh – 243202, India","Shri Ram Murti Smarak College of Engineering and Technology, (Pharmacy), Ram Murti Puram, 13 KM, Bareilly - Nainital Rd, Bhoji Pura, Uttar Pradesh – 243202, India","Shri Ram Murti Smarak College of Engineering and Technology, (Pharmacy), Ram Murti Puram, 13 KM, Bareilly - Nainital Rd, Bhoji Pura, Uttar Pradesh – 243202, India","Department of Mechanical Engg., Shri Ram Murti Smarak Trust, Ram Murti Puram, 13 KM, Bareilly - Nainital Rd, Bhoji Pura, Uttar Pradesh – 243202, India",Shri Ram Murti Smarak College of Engineering and Technology (Pharmacy),India,"Ram Murti Puram, 13 KM, Bareilly - Nainital Rd, Bhoji Pura, Uttar Pradesh – 243202, India",,,,,,,,,,,,,,,,,,,,,,,,,,,,,,,,,,,,,,,,,,,,,,,,,,,,,,,,,,,,,,,,,,,,,,,,,,,,,,,,,,,,,,,,,,,,,
16,METHOD FOR UPGRADING DENTAL COTTON,07/2024,16/02/2024,INA,202411009736,13/02/2024,,,,BIO-MEDICAL ENGINEERING,"A61C0013000000, A61F0013530000, A61C0005900000, A61C0017080000, A61C0019000000",,,India,,,,,,,,,,,,,,,,,,202411009736,ORDINARY APPLICATION,13/02/2024,I.T.S Dental College,METHOD FOR UPGRADING DENTAL COTTON,BIO-MEDICAL ENGINEERING,pooja@innoveintellects.com,,,,--,16/02/2024,Awaiting Request for Examination,,,,,,,,,,,,,,,,,,,,,,,,,,,,,,,,,,,,,,,,,,,,,,,,,,,,,,,,,,,,,,,,,,,,,,,,,,,,,,,India,,,,,,,,,,,,,,,,,,,,,,,,,Priyancy Agarwal,India,"I.T.S Dental College, Delhi-Meerut Road, Muradnagar, Ghaziabad Uttar Pradesh India 201206","I.T.S Dental College, Delhi-Meerut Road, Muradnagar, Ghaziabad Uttar Pradesh India 201206","I.T.S Dental College, Delhi-Meerut Road, Muradnagar, Ghaziabad Uttar Pradesh India 201206",I.T.S Dental College,"Delhi-Meerut Road, Muradnagar, Ghaziabad Uttar Pradesh India 201206",,,,,,,,,,,,,,,,,,,,,,,,,,,,,,,,,,,,,,,,,,,,,,,,,,,,,,,,,,,,,,,,,,,,,,,,,,,,,,,,,,,,,,
17,MACHINE LEARNING-BASED PERSONALIZED MEDICINE RECOMMENDER SYSTEM,07/2024,16/02/2024,INA,202411009734,13/02/2024,,,,BIO-MEDICAL ENGINEERING,"G16H0010600000, G06N0020000000, G16H0050700000, G06F0021620000, G16H0050200000",,,India,,,,,,,,,,,,,,,,,,202411009734,ORDINARY APPLICATION,13/02/2024,"1 . Dr. Naveen Kumar Pandey
2 . Dr. Narendra Kumar Sharma
3 . Dr. Shruti B. Yagnik
4 . Dr. Premal chimanlal Patel
5 . Dr. Nilesh Jain
6 . Dr. Bal Krishna Sharma
7 . Mr. Deepak Kumar Mehta
8 . Dr. Parth Gautam",MACHINE LEARNING-BASED PERSONALIZED MEDICINE RECOMMENDER SYSTEM,BIO-MEDICAL ENGINEERING,pooja@innoveintellects.com,,,,--,16/02/2024,Awaiting Request for Examination,,,,,,,,,,,,,,,,,,,,,,,,,,,,,,,,,,,,,,,,,,,,,,,,,,,,,,,,,,,,,,,,,,,,,,,,,,,,,,,,,,,,,,,,,,,,,,,,,,,,,,,,,,,,,,,Dr. Naveen Kumar Pandey,India,India,India,India,India,India,India,"Assistant Professor, Department of Computer Science, Dev Sanskriti Vishwavidyalaya, Shantikunj, Haripur Kalan, Haridwar, Uttarakhand 249411, India","Associate Professor, Department of Computer Application, Pranveer Singh Institute of Technology, NH 19, Kanpur, Bhautipratappur, Uttar Pradesh 209305, India","Associate Professor, Department CE/IT, Indus University, Ahmedabad – 382 115. Gujarat, India","Associate Professor, Computer Engineering Department, Silver Oak University, 370/371, near Bhavik Publication, Gota Gam, Gota, Ahmedabad, Gujarat 382481, India","Associate Professor, Department of Computer Science and Applications, Mandsaur University, Daulatpura, Madhya Pradesh 458001, India","Professor, Department of Computer Science and Applications, Mandsaur University, Daulatpura, Madhya Pradesh 458001, India","Assistant Professor, Department of Computer Science and Applications, Mandsaur University, Daulatpura, Madhya Pradesh 458001, India","Assistant Professor, Department of Computer Science and Applications, Mandsaur University, Daulatpura, Madhya Pradesh 458001, India",,,,,,,,,,,,,,,,,,,,,,,,,,,,,,,,,,,,,,,,,,,,,,,,,,,,,,,,,,,,,,,,,,,,,,
18,BLOCKCHAIN ENABLED CLOUD SYSTEM FOR HEALTHCARE DATA MANAGEMENT,07/2024,16/02/2024,INA,202411009732,13/02/2024,,,,BIO-MEDICAL ENGINEERING,"G16H0010600000, H04L0009320000, G06F0021620000, G06F0021640000, H04L0009060000",,,India,,,,,,,,,,,,,,,,,,202411009732,ORDINARY APPLICATION,13/02/2024,The NorthCap University,BLOCKCHAIN ENABLED CLOUD SYSTEM FOR HEALTHCARE DATA MANAGEMENT,BIO-MEDICAL ENGINEERING,pooja@innoveintellects.com,,,,--,16/02/2024,Awaiting Request for Examination,,,,,,,,,,,,,,,,,,,,,,,,,,,,,,,,,,,,,,,,,,,,,,,,,,,,,,,,,,,,,,,,,,,,,,,,,,,,,,,,,,,,,,,,,The NorthCap University,India,"Near Rotary Public School Cartarpuri Alias, Huda, Sector 23A, Gurugram Haryana India 122017",,,,,,,,,,,,,,,,,,,,,,,,,,,,,,,,,,,,Dr. Garima Sharma,India,India,India,"Assistant Professor (Senior Scale), The NorthCap University, Gurugram Haryana India","Assistant Professor (Senior Scale), The NorthCap University Gurugram Haryana India","Assistant Professor, The NorthCap University Gurugram Haryana India",,,,,,,,,,,,,,,,,,,,,,,,,,,,,,,,,,,,,,,,,,,,,,,,,,,,,,,,,,,,,,,
19,METHOD FOR PREPARATION OF CHEWABLE HERBAL TABLETS USING BUTTON MUSHROOMS,07/2024,16/02/2024,INA,202411009733,13/02/2024,,,,CHEMICAL,"A61K0009000000, A61P0003020000, G06Q0050000000, A23L0031000000, A61K0036740000",,,India,,,,,,,,,,,,,,,,,,202411009733,ORDINARY APPLICATION,13/02/2024,"1 . Shri Ram Murti Smarak College of Engineering and Technology (Pharmacy)
2 . Dr. Manjoo Rani
3 . Dr. Jitendra Singh Yadav
4 . Dr. Arti Gupta
5 . Dr. Nita Yadav
6 . Dr. Ravindra Kumar
7 . Dr. Saty Dev",METHOD FOR PREPARATION OF CHEWABLE HERBAL TABLETS USING BUTTON MUSHROOMS,CHEMICAL,pooja@innoveintellects.com,,,,--,16/02/2024,Awaiting Request for Examination,,,,,,,,,,,,,,,,,,,,,,,,,,,,,,,,,,,,,,,,,,,,,,,,,,,,,,,,,,,,,,,,,,,,,,,,,,,,,,,,,,,,,,,,,,,,,India,,"Shri Ram Murti Smarak College of Engineering and Technology, (Pharmacy), Ram Murti Puram, 13 KM, Bareilly - Nainital Rd, Bhoji Pura, Uttar Pradesh – 243202, India","Department of Mechanical Engg., Shri Ram Murti Smarak College of Engineering and Technology, Ram Murti Puram, 13 KM, Bareilly – Nainital Rd, Bhoji Pura, Uttar Pradesh – 243202, India","Shri Ram Murti Smarak College of Engineering and Technology, (Pharmacy), Ram Murti Puram, 13 KM, Bareilly - Nainital Rd, Bhoji Pura, Uttar Pradesh – 243202, India","Shri Ram Murti Smarak College of Engineering and Technology, (Pharmacy), Ram Murti Puram, 13 KM, Bareilly - Nainital Rd, Bhoji Pura, Uttar Pradesh – 243202, India",,"Department of Mechanical Engg., Shri Ram Murti Smarak College of Engineering and Technology, Ram Murti Puram, 13 KM, Bareilly – Nainital Rd, Bhoji Pura, Uttar Pradesh – 243202, India",,India,"Ram Murti Puram, 13 KM, Bareilly - Nainital Rd, Bhoji Pura, Uttar Pradesh – 243202, India",,,,,,,,,,,,,,,,,,,,,,,,,,,,,,,Dr. Manjoo Rani,India,"Shri Ram Murti Smarak College of Engineering and Technology, (Pharmacy), Ram Murti Puram, 13 KM, Bareilly - Nainital Rd, Bhoji Pura, Uttar Pradesh – 243202, India",Shri Ram Murti Smarak College of Engineering and Technology (Pharmacy),,,,,,,,,,,,,,,,,,,,,,,,,,,,,,,,,,,,,,,,,,,,,,,,,,,,,,,,,,,
20,INTEGRATION OF IOT SENSORS WITH AI AND INFERENTIAL STATISTICS IN SUPPLY CHAIN MANAGEMENT,07/2024,16/02/2024,INA,202411009709,13/02/2024,,,,COMPUTER SCIENCE,"G06Q0010060000, G06N0020000000, G06N0005040000, G06Q0030020000, G06Q0010080000",,,India,,,,,,,,,,,,,,,,,,202411009709,ORDINARY APPLICATION,13/02/2024,"1 . Mr. Pawan Kumar Badhan
2 . Ms. Navjot Kaur
3 . Ms. Manjeet Kaur
4 . Mr. Inderpal Singh
5 . Mr. Karan Thakur",INTEGRATION OF IOT SENSORS WITH AI AND INFERENTIAL STATISTICS IN SUPPLY CHAIN MANAGEMENT,COMPUTER SCIENCE,patents@pna-ip.com,,,,--,16/02/2024,Awaiting Request for Examination,,,,,,,,,,,,,,,,,,,,,,,,,,,,,,,,,,,,,,,,,,,,,,,,,,,,,,,,,,,,,,,,,,,,,,,,,,,,,,,,,,,,,,,,,,,,,,,,,,,,,,,,,,,,,,,,,,,,,,,,,,,,,,,,,,,,,,,,,,Mr. Pawan Kumar Badhan,India,India,India,India,"Assistant Professor, IT Department, Pyramid College of Business and Technology, Phagwara, Punjab.","Assistant Professor, IT Department, Pyramid College of Business and Technology, Phagwara, Punjab.","Assistant Professor, IT Department, Pyramid College of Business and Technology, Phagwara, Punjab","Computer Application Department, CKD Institute of Management and Technology, Tarn Taran, Punjab.","Assistant Professor, Management Department, Pyramid College of Business and Technology, Phagwara, Punjab.",,,,,,,,,,,,,,,,,,,,,,,,,,,,,,,,,,,,,,,,,,,,,,,,,
21,CLOUDSHIELD SENTRY: ADVANCED INTRUSION DETECTION FOR SECURE CLOUD ENVIRONMENT,07/2024,16/02/2024,INA,202411009651,13/02/2024,,,,COMPUTER SCIENCE,"G06K0009620000, G06F0021550000, G06N0003080000, G06N0003040000, G06F0021620000",,,India,,,,,,,,,,,,,,,,,,202411009651,ORDINARY APPLICATION,13/02/2024,"1 . Ms. Barkha Samania
2 . Dr. Nishant Kumar Pathak
3 . Dr. Alka Verma
4 . Harnit Saini
5 . Chitra
6 . Manoj Kumar
7 . Dr. Rahul Kumar Pandey",CLOUDSHIELD SENTRY: ADVANCED INTRUSION DETECTION FOR SECURE CLOUD ENVIRONMENT,COMPUTER SCIENCE,rajudixit1984@gmail.com,,,,--,16/02/2024,Awaiting Request for Examination,,,,,,,,,,,,,,,,,,,,,,,,,,,,,,,,,,,,,,,,,,,,,,,,,,,,,,,,,,,,,,,,,,,,,,,,,,,,,,,,,,,,,,,,,,,,,,,,,,,,,,,,,,,,,,,,,,,,,,,,,,,,,,,,,,,,,,,,,,,,,,,,,,,,Ms. Barkha Samania,India,India,India,India,India,India,"Assistant Professor, Department (MCA), SRM University, Delhi-NCR Campus, Delhi-Meerut Road, Modinagar, Ghaziabad-201204 (U.P.)","Associate Professor, Department (Computer Science & Engineering), Ajay Kumar Garg Engineering College, Ghaziabad","Associate Professor, Department of Electronics and Communication Engineering, Teerthanker Mahaveer University, Moradabad, U.P","Assistant Professor, Department (Computer Science & Engineering), Ajay Kumar Garg Engineering College, Ghaziabad","Assistant Professor, Department (Information Technology), Ajay Kumar Garg Engineering College, Ghaziabad","Assistant Professor, Department (Computer Science & Engineering), Ajay Kumar Garg Engineering College, Ghaziabad","Assistant Professor, Department (Applied Sciences and Humanities), Ajay Kumar Garg Engineering College, Ghaziabad",,,,,,,,,,,,,,,,,,,,,,,,,,,,,,,,,,,
22,ARTIFICIAL INTELLIGENCE BASED HUMAN RESOURCE (HR) MANAGEMENT SYSTEM FOR IT COMPANIES,07/2024,16/02/2024,INA,202411009707,13/02/2024,,,,COMPUTER SCIENCE,"G06Q0010100000, G06Q0010060000, G06N0020000000, G06N0005040000, G16H0040200000",,,India,,,,,,,,,,,,,,,,,,202411009707,ORDINARY APPLICATION,13/02/2024,"1 . Prof. (Dr.) Sandeep Gupta
2 . Dr. Ashish Kumar Mourya
3 . Mr. Parvinder Kumar
4 . Dr. Shafqat Ul Ahsaan
5 . Ms. Ritu Malhotra
6 . Mr. Rupak Kumar
7 . Dr. Anand M
8 . Mr. Abhishek Singh",ARTIFICIAL INTELLIGENCE BASED HUMAN RESOURCE (HR) MANAGEMENT SYSTEM FOR IT COMPANIES,COMPUTER SCIENCE,mail2patentipr@gmail.com,,,,--,16/02/2024,Awaiting Request for Examination,,,,,,,,,,,,,,,,,,,,,,,,,,,,,,,,,,,,,,,,,,,,,,,,,,,,,,,,,,,,,,,,,,,,,,,,,,,,,,,,,,,,,,,,,,,,,,,,,,,,,,,,,,,,,,,,,,,,,,,,,,,,,,,,,,,,,,,,,,,,,,,,,,,,,,,,,,,,,,,,,,Prof. (Dr.) Sandeep Gupta,India,India,India,India,India,India,India,India,"Director, Sunder Deep Engineering College, Ghaziabad (Affiliated to AKTU, Lucknow), 201015, Uttar Pradesh","Head of the Department, Department of Computer Application, Greater Noida Institute of Professional Studies, Gr. Noida (Affiliated to CCS University, Meerut), Uttar Pradesh-201310","Assistant Professor, Department of Computer Science & Engineering, HMRITM (Affiliated to IP University), New Delhi-110036","Assistant Professor, Department of Computer Science & Engineering, NIMS University, Jaipur-303121, Rajasthan","Assistant Professor, Department of Computer Application, Greater Noida Institute of Professional Studies, Gr. Noida (Affiliated to CCS University, Meerut), Uttar Pradesh-201310","Assistant Professor, Department of Information Technology, IMS Engineering College, Ghaziabad, (Affiliated to AKTU, Lucknow), 201015, Uttar Pradesh","Assistant Professor, Department of Data Science and Business Systems, School of Computing College of Engineering and Technology, SRM Institute of Science and Technology, SRM Nagar, Potheri, Kattankulathur, 603203, Tamil Nadu","Head of the Department, Department of Computer Application, Sunder Deep Engineering College, Ghaziabad (Affiliated to AKTU, Lucknow), 201015, Uttar Pradesh",,,,,,,,,,,,,,,,,,
23,INTELLIGENT DNA SEQUENCING AND ANALYSIS SYSTEM WITH ARTIFICIAL INTELLIGENCE INTEGRATION,07/2024,16/02/2024,INA,202411009646,13/02/2024,,,,BIO-CHEMISTRY,"C12Q0001686900, G16B0050000000, G16B0020000000, G16B0020200000, G16B0030000000",,,India,,,,,,,,,,,,,,,,,,202411009646,ORDINARY APPLICATION,13/02/2024,"JSS Academy of Technical Education, Noida",INTELLIGENT DNA SEQUENCING AND ANALYSIS SYSTEM WITH ARTIFICIAL INTELLIGENCE INTEGRATION,BIO-CHEMISTRY,patentpointservices@gmail.com,,,,--,16/02/2024,Awaiting Request for Examination,,,,,,,,,,,,,,,,,,,,,,,,,,,,,,,,,,,,,,,,,,,,,,,,,,,,,,,,,,,,,,,,,,,,,,,,,,,,,,,,,,,,,,,,,,,,,,,,,,,,,,,,,,,,,,,,,,,,,,,,,,,,,,,,,,,,,,,,,,,,,,,,,,,,,,,,,,,,,,,,,,,,,,,,,,,,,,,,,,,Dr. Kakoli Banerjee,India,India,"JSS Academy of Technical Education, Noida, Gautam Buddha Nagar, Uttar Pradesh-201301, India","JSS Academy of Technical Education, Noida, Gautam Buddha Nagar, Uttar Pradesh-201301, India","JSS Academy of Technical Education, Noida, Gautam Buddha Nagar, Uttar Pradesh-201301, India","JSS Academy of Technical Education, Noida, Gautam Buddha Nagar, Uttar Pradesh-201301, India","JSS Academy of Technical Education, Noida, Gautam Buddha Nagar, Uttar Pradesh-201301, India","JSS Academy of Technical Education, Noida, Gautam Buddha Nagar, Uttar Pradesh-201301, India","JSS Academy of Technical Education, Noida, Gautam Buddha Nagar, Uttar Pradesh-201301, India","JSS Academy of Technical Education, Noida, Gautam Buddha Nagar, Uttar Pradesh-201301, India","JSS Academy of Technical Education, Noida, Gautam Buddha Nagar, Uttar Pradesh-201301, India","Sir Chhotu Ram Institute of Engineering and Technology, C.C.S. University, Meerut-250001, Uttar Pradesh, India","JSS Academy of Technical Education, Noida","JSS Academy of Technical Education, Noida, Gautam Buddha Nagar, Uttar Pradesh-201301, India",,,
24,AUTOMATIC WATER MANAGEMENT SYSTEM (WIRELESS),07/2024,16/02/2024,INA,202411009607,13/02/2024,,,,CHEMICAL,"G01N0033180000, G06Q0050060000, A01G0027000000, A01G0025160000, E03C0001050000",,,India,,,,,,,,,,,,,,,,,,202411009607,ORDINARY APPLICATION,13/02/2024,Abhishek Srivastava,AUTOMATIC WATER MANAGEMENT SYSTEM (WIRELESS),CHEMICAL,abhi.srvt9@gmail.com,,,,13/02/2024,16/02/2024,Application Awaiting Examination,,,,,,,,,,,,,,,,,,,,,,,,,,,,,,,,,,,,,,,,,,,,,,,,,,,,,,,,,,,,,,,,,,,,,,,,,,,,,,,,,,,,,,,,,,,,,,,,,,,,,,,,,,,,,,,,,,,,,,,,,,,,,,,,,,,,,,,,,,,,,,,,,,,,,,,,,,,,,,,,,,,,,,,,,,,,,,,,,,,,,,,,,,,,,,,,,,Abhishek Srivastava,India,"538Ka/456/47, Shiv Puram, Triveni Nagar 3rd, Lucknow"
